FAQ_No,Category1,Category2,Category3,Category4,Category5,Question,Answer,Landing URL,Image info (URL)
1,FAQ,학사포탈(u-SAINT),,,,학사 관련 민원 전화번호,"
학사 관련 민원 전화번호

-이석원 ☎828-7405 학사총괄, 대내외 민원

-지승규 ☎828-7403 졸업(이수구분, 학점등록), 다전공, 전과

-우선경 ☎828-7404 성적,  출석부, 휴·보강,  교환학생 / K?MOOC학점인정

-전세용 ☎820-0152 학적변동(휴·복학,제적,재입학), 시간제, 학사경고

-김동준 ☎828-7402 시간표(폐강), 국내대학 학점교류(숭실사이버대 등)

-윤홍준 ☎820-0154 수강신청

-이주원 ☎828-7401 교과과정 (과목 신설, 변경, 폐지)

-김화연 ☎820-0151 수업지원(계절제 등), 조기취업

-양승효 ☎820-0153 증명발급",,
2,FAQ,학사,자퇴,,,자퇴,"자퇴 신청 방법
타 대학 입학, 유학, 직장 사유에 따른 자퇴 신청은 부모님 동의를 받고 신청 가능합니다.
1. 준비물 : 부모님 중 한 분 도장
2. 신청방법 : 학적팀 방문신청, 서류제출 시 부모님과 확인 통화 필요함
3. 신청기간 : 희망 시 (단, 성적처리 기간(6~7월 중순, 12~1월 중순)은 학사 시스템 입력이 불가하므로 신청 불가)
문의처: 교무처 학적팀(형남공학관 2층) Tel.(02)820-0152
타 대학 입학, 유학, 직장 사유에 따른 자퇴 신청은 부모님 동의를 받고 신청 가능합니다.

1. 준비물 : 본인 도장, 부모님 한 분 도장
2. 신청방법 : 학사지원과 방문신청, 서류제출 시 부모님과 확인 통화 가능해야 함
3. 신청기간 : 희망 시 (단, 성적처리 기간(6~7월 중순, 12~1월 중순)은 신청 불가)

문의처: 교무처 학사지원과(형남공학관 2층) Tel.(02)820-0152",,
3,FAQ,학사,제적처리,,,제적처리,"제척 처리가 되는 경우!

학칙 제29조에 따라, 재학 중 등록금을 내지 않는 경우(미등록), 휴학이 끝나도 복학하지 않는 경우(미복학, 휴학기간 초과) 또는 학사경고가 3학기 이상 누적되는 경우나 징계에 의해 퇴학되는 경우 제적 처리됩니다. 매 학기 추가등록기간 마감 직후 제적대상자가 추려지며, 해당 학생에게는 등기우편(배달증명), 문자메시지, 학과 전화상담 등으로 연락 후 적절한 조치를 통해 회생되거나 최종 제적처리 됩니다.
문의처: 교무처 학적팀(형남공학관 2층) Tel.(02)820-0152",,
4,FAQ,학사,재입학,,,재입학,"재입학 하는 방법!

학칙시행세칙(학사과정) 제4조 2항에 따라,
재입학하는 학기는 본인이 제적되기 전 이수한 다음 학기로 합니다.
재입학 신청은 입학 희망 시기 1년 전 ~ 2개월 전까지 교무처 학적팀에 전화로 신청해야 합니다.

문의처: 교무처 학적팀(형남공학관 2층) Tel.(02)820-0152",,
5,FAQ,학사,휴학,,,군휴학 신청,"군휴학 신청 방법!

학칙시행세칙(학사과정) 제5조 2항에 따라, 군휴학은 입대 1주일 전부터 1일 전까지 인터넷 u-SAINT 포털로 신청해야 하며, 입대일 이후에는 인터넷 신청이 불가하니 유의하시기 바랍니다.

신청메뉴 : 학사관리 ? 학적변동 ? 휴학신청 ? 군휴학 선택",,
6,FAQ,학사,휴학,,,"신입생, 편입생, 재입학생 휴학","신입생, 편입생, 재입학생 휴학!

학칙 제27조 2항에 따라 신입생, 편입생, 재입학생은 입학 후 2학기(1년)동안은 군 입대(입영) 및 질병 외에는 휴학할 수 없습니다.
신입생, 편입생, 재입학생은 입학 후 1년간은 입대 7일전부터 또는 2학기 개강 전 소정기간에만 군휴학 신청이 가능합니다.
질병휴학은 학칙시행세칙(학사과정) 제5조 1항에 따라 전국 50개 이내인 상급종합병원에서 발행한 4주 이상 입원을 요하는 진단서를 제출하여 신청할 수 있습니다.",,
7,FAQ,학사,휴학,신입생휴학,,신입생휴학,"신입생, 편입생, 재입학생 휴학!

학칙 제27조 2항에 따라 신입생, 편입생, 재입학생은 입학 후 2학기(1년)동안은 군 입대(입영) 및 질병 외에는 휴학할 수 없습니다.
신입생, 편입생, 재입학생은 입학 후 1년간은 입대 7일전부터 또는 2학기 개강 전 소정기간에만 군휴학 신청이 가능합니다.
질병휴학은 학칙시행세칙(학사과정) 제5조 1항에 따라 전국 50개 이내인 상급종합병원에서 발행한 4주 이상 입원을 요하는 진단서를 제출하여 신청할 수 있습니다.",,
8,FAQ,학사,휴학,편입생휴학,,편입생휴학,"신입생, 편입생, 재입학생 휴학!

학칙 제27조 2항에 따라 신입생, 편입생, 재입학생은 입학 후 2학기(1년)동안은 군 입대(입영) 및 질병 외에는 휴학할 수 없습니다.
신입생, 편입생, 재입학생은 입학 후 1년간은 입대 7일전부터 또는 2학기 개강 전 소정기간에만 군휴학 신청이 가능합니다.
질병휴학은 학칙시행세칙(학사과정) 제5조 1항에 따라 전국 50개 이내인 상급종합병원에서 발행한 4주 이상 입원을 요하는 진단서를 제출하여 신청할 수 있습니다.",,
9,FAQ,학사,휴학,재입학생휴학,,재입학생휴학,"신입생, 편입생, 재입학생 휴학!

학칙 제27조 2항에 따라 신입생, 편입생, 재입학생은 입학 후 2학기(1년)동안은 군 입대(입영) 및 질병 외에는 휴학할 수 없습니다.
신입생, 편입생, 재입학생은 입학 후 1년간은 입대 7일전부터 또는 2학기 개강 전 소정기간에만 군휴학 신청이 가능합니다.
질병휴학은 학칙시행세칙(학사과정) 제5조 1항에 따라 전국 50개 이내인 상급종합병원에서 발행한 4주 이상 입원을 요하는 진단서를 제출하여 신청할 수 있습니다.",,
10,FAQ,학사,등록,등록금납부,,등록금 납부,"등록금은 어디서 어떻게 납부하나요?

우리은행 전국 각 지점에서 납부할 수 있으며, 고지서에 적혀있는 우리은행 입금전용계좌로 온라인뱅킹(인터넷뱅킹, 텔레뱅킹, ATM)도 가능합니다. (단, 타은행계좌에서 입금시 송금수수료는 학생이 부담합니다.)
*시중은행계좌가 아닌 증권.CMA계좌에서는 납부가 불가능하오니 유의하시기 바랍니다.",,
11,FAQ,학사,등록,등록금고지서,,등록금고지서 발급,"등록금고지서 어떻게 발급받나요?

숭실대학교 홈페이지 → u-SAINT포털 → 학사/행정서비스 → 등록/장학 →등록금고지서 출력 순으로 직접 출력하시면 됩니다.
*등록금고지서는 집으로 별도 발송하지 않습니다.",,
12,FAQ,학사,등록,분할납부,,분할납부,"분할납부란?

분할납부제도란 수업료를 일정 비율로 나누어 납부하는 제도를 말하며, 우리학교는 학사과정 재학생에 한해 4회 분할납부를 실시하고 있습니다.",,
13,FAQ,학사,등록,등록금납부기간,,등록금 납부기간,"재학생 등록금 납부기간!

재학생 등록금 납부기간은 매학기 다를 수 있지만 대체로 1학기는 2월 말, 2학기는 8월 말이라고 생각하시면 됩니다. 정해진 등록기간 외에는 등록이 불가능하오니 학사력 일정을 미리 확인하시기 바랍니다. (공지문은 2월 초, 8월 초 학교 홈페이지 게재)",,
14,FAQ,학사,등록,학점등록,,학점등록,"학점 등록이란?

*학부(학사) : 8학기(10학기제는 10학기) 등록을 필하고도 졸업에 필요한 소정의 학점을 취 득하지 못하여 계속 수학할 경우, 그 부족한 학점수가 9학점 이하인 학생에 한 해 학점등록을 허가합니다.
*대학원(석/박사) : 4학기(5학기제는 5학기) 등록을 필하고도 졸업에 필요한 소정의 학점을 취득하지 못하여 계속 수학할 경우, 그 부족한 학점수가 3학점 이하인 학생에 한해 학점등록을 허가합니다.",,
15,FAQ,봉사,사회봉사과목,,,사회봉사과목,"사회봉사과목!

현재 개설되는 과목은 섬김의 리더십, 사회봉사실천1, 사회봉사실천2, 사회봉사실천3입니다. 2009학년도에 개설되었던 섬김의 리더십 이론과 실천은 섬김의 리더십과 동일과목으로 인정됩니다. 사회봉사1(1학점), 사회봉사2(2학점)는 현재 폐지되었으나, 졸업시까지 수강할 수 있는 사회봉사학점 4학점에는 포함이 됩니다.",,
16,FAQ,봉사 ,봉사활동증명서,,,봉사활동 증명서,"봉사활동 증명서 발급 방법!

“사회봉사 학점 또는 봉사센터에서 진행한 자원봉사에 대한 봉사활동 증명서는 봉사센터(미래관 106호) 또는 아래의 링크에서 발급신청이 가능합니다. 발급 신청 후 다음날 발급이 가능하며, 문자회신 후 봉사센터에서 수령이 가능합니다.( FAX 및 EMAIL 발급 불가)
▼증명서 발급신청 하러가기!▼",http://vssc.ssu.ac.kr/web/vssc/index,
17,FAQ,봉사,4학년사회봉사,,,4학년 사회봉사,"4학년, 사회봉사로 학점을 채울 수 있나요?

4학년 마지막 학기시라면 사회봉사과목을 수강하실 수 없습니다. 사회봉사과목은 7학기까지만 수강할 수 있으므로, 8학기 이상인 학생들은 수강하실 수 없습니다.",,
18,FAQ,봉사,사회봉사과목,시간,,봉사활동 시간,"봉사활동 얼마나 해야하나요?

섬김의 리더십은 18시간 이상, 사회봉사실천은 32시간 이상 봉사활동을 하셔야 합니다. 단, 1일 최대 6시간까지만 인정되며 초과된 시간은 자원봉사로만 인정됩니다. 또한 기관의 프로그램에 따라서는 최소시간을 초과하는 경우가 있을 수 있으므로, 봉사기관에 처음 방문하여 OT등을 진행할 때 봉사기관 담당선생님과 상의하시기 바랍니다.",,
19,FAQ,장학,국가장학금신청,,,국가장학금신청,"국가장학금 신청!
한국장학재단 홈페이지를 통해 온라인으로만 신청 가능하며,

회원가입 및 로그인 시 공인인증서가 필요합니다.

▼한국장학재단 홈페이지 바로가기▼",www.kosaf.go.kr,
20,FAQ,장학,국가장학금,기간,,국가장학금 신청기간,"국가장학금 신청기간!

1차 신청기간에는 현재 대학 재학생 및 복학예정자를 대상으로 신청 받을 예정이며,
신입생의 경우 학교가 정해지지 않았기에 2차 신청기간을 통해 추가 신청 받을 예정입니다.",,
21,FAQ,장학,국가장학금,자격,,국가장학금 신청자격,"국가장학금 신청자격

현재 대학(학부)에 재학 및 입학(복학)예정인 자가 신청대상입니다.

(학부휴학생 및 대학원생은 제외)

- Ⅰ유형은 소득 3분위 이하 대학생, Ⅱ유형 소득7분위 이하 대학생을 대상으로 하며 직전학기 이수학점 12학점 이상, 성적은 100점 만점의 80점 이상에 해당하는 학생입니다. 신입생의 성적기준은 내신 1/2과목 6등급이내, 수능 2개 영역 이상 6등급이내에 해당하는 자입니다.",,
22,FAQ,장학,장학생 선정여부,,,장학생 선정여부,"장학생 선정여부 확인!

u-SAINT 포털 로그인 → 등록/장학 → 장학 → ‘장학금수혜내역조회’에서 조회 가능 

1학기 장학생은 2월 초, 2학기 장학생은 8월 초 등록금고지서가 오픈되면서 장학금내역을 확인할 수 있습니다.

▼u-SAINT 바로가기▼",https://saint.ssu.ac.kr/,
23,FAQ,장학,백마성적우수장학금,,,백마성적우수장학금,"백마성적우수장학금 자격!

1. 선발학기 국가장학금을 신청/서류제출을 완료한 자
2. 선발학기 재학 및 복학예정자로 해당학기 등록금 납부 예정인 자
3. 선발학기 前 등록휴학 후 복학시 선발대상에서 제외(등록대체자)
    ? 학기 중 미등록, 입학취소, 복학취소 등으로 인한 학적변동시 모든 장학금 취소
4. 직전학기 15학점 이상 이수한 자 (졸업직전학기는 직전학기 12학점 이상)
5. 등록학기가 8학기 이내인 자(건축학과 건축학전공 : 등록 10학기 이내인 자)
6. F학점 포함 학적부성적 기준 직전학기 3.5 이상인 자 

위 기준 외에 학과(부)마다 별도의 추가 선발 기준이 있을 수 있으므로,
정확한 선발기준은 해당 학과(부) 사무실로 문의해 주시기 바랍니다.",,
24,FAQ,장학,중복수혜,,,장학금 중복수혜,"장학금 중복수혜 가능한가요?

모든 교내장학금은 중복수혜할 수 없으며, 신청 장학금 중 금액이 큰 것으로 자동 선발됩니다.
단, 국가장학금 및 교외장학금 등 외부장학금 및 아래 교내장학금은 중복수혜가 가능합니다. 

[ 2016년 1학기 기준 중복가능 교내장학금 ]
교내/학과근로장학금, 포상장학금, 학과(부)우수장학금, 봉사장학금, 교육지원장학금",,
25,FAQ,수강신청/수업,수업,채플,보충,보충 채플,"보충 채플이란?

채플 출석 1회 부족으로 Fail 된 학생들이 보충채플을 수강함으로써 채플 Pass를 할 수 있 게 만든 제도입니다. (단, 학기마다 실시 여부는 변동될 수 있음)
문의처: 교목실 학원선교팀(한경직기념관 114호) Tel.(02)820-0125

채플이 종강한 다음 주 u-SAINT에서 신청가능!",,
26,FAQ,수강신청/수업,수업,채플,이수,채플 이수,"채플은 졸업할 때까지 몇 학기 이수해야하나요?

채플은 필수과목으로 총 6학기를 이수하여야 졸업이 가능합니다.
문의처: 교목실 학원선교팀(한경직기념관 114호) Tel.(02)820-0125",,
27,FAQ,수강신청/수업,수업,채플,결석,채플 결석,"채플 몇 번까지 결석 가능한가요?

한 학기 채플 일수의 2/3이상 출석 시 Pass가 됩니다.
문의처: 교목실 학원선교팀(한경직기념관 114호) Tel.(02)820-0125",,
28,FAQ,수강신청/수업,수업,채플,일정,채플 일정,"개강채플시, 한 학기 일정표를 나눠주고 있으며, 교목실 홈페이지에서도 확인 가능합니다.
문의처: 교목실 학원선교팀(한경직기념관 114호) Tel.(02)820-0125
▼교목실 홈페이지 바로가기▼",http://chaplain.ssu.ac.kr/index.jsp,
29,FAQ,수강신청/수업,수업,채플,유고결석,채플 유고결석,"채플 유고결석계 신청 방법!

U-SAINT → 학사관리 → 수강신청/수업 → 결석신청에서 신청한 후, 관련서류를 지참하여 학생서비스팀에 가면 됩니다. 단, 보건결석계는 채플 출석 인정이 되지 않습니다.
문의처: 교목실 학원선교팀(한경직기념관 114호) Tel.(02)820-0125",,
30,FAQ,수강신청/수업,수업,채플,좌석확인,채플 좌석확인,"채플 좌석확인 방법!

U-SAINT → 학사관리 → 수강신청/수업 에서 “채플정보조회”에서 확인 가능합니다.
(반드시, 해당학기를 선택한 후 조회버튼을 클릭해야 함.)
문의처: 교목실 학원선교팀(한경직기념관 114호) Tel.(02)820-0125",,
31,FAQ,수강신청/수업,수업,채플,출석확인,채플 출석확인,"채플이 끝난 후, 한경직 기념관 앞 기둥에서 확인 가능합니다.
(또는, U-SAINT “채플정보조회”에서도 확인가능함.)
문의처: 교목실 학원선교팀(한경직기념관 114호) Tel.(02)820-0125",,
32,FAQ,전과/다전공,전과,신청,,전과 신청 방법,"전과 신청 방법

1. 신청기간 : 매년 초 (1월 초)
2. 신청방법 : 인터넷 (u-SAINT 포털 ? 학사관리 ? 학적변동 ? 전과 신청)
3. 신청자격 : 신청일 현재 2~5학기 이수자
4. 유의사항
가. 한 번에 1개 학과(부)만 신청 가능
나. 일단 승인되면 이전 학과(부) 복귀 및 취소 불가하므로 신중히 신청해야 함",,
33,FAQ,전과/다전공,전과,편입생,,편입생 전과,"편입생은 다전공은 신청 가능하나, 전과는 신청할 수 없습니다.",,
34,FAQ,전과/다전공,복수전공,신청자격,,복수전공 신청자격,"복수전공 신청자격!

대상학년 : 신청일 현재 2-6학기 이수자",,
35,FAQ,전과/다전공,복수전공,이수학점,,복수전공 이수학점,"복수전공 이수학점은?

복수전공 신청자는 주전공 및 복수전공의 전공과목을 36학점 이상(단, 2009학년도 입학자부터 경영대학을 주전공 및 복수전공하는 학생은 각각 45학점 이상) 이수하여야 합니다.",,
36,FAQ,전과/다전공,부전공,,,부전공 이수학점,"부전공 전공 이수학점!

부전공을 하는 학생도 단수전공자와 동일하게 전공학점을 이수하여야합니다. 그리고 부전공학과(부)의 부전공 필수과목을 포함하여 전공과목을 21학점 이상을 더 이수하여야 합니다.",,
37,FAQ,성적,성적이의,,,성적이의 신청,"성적이의 신청!

성적에 이의가 있는 학생은 정해진 기간에 담당교수에게 이의신청 할 수 있습니다.
단, 성적이의 신청은 교과목 담당교수의 평가 오류일 때에만 가능합니다.",,
38,FAQ,졸업,조기 졸업,,,조기졸업 방법,"조기졸업 방법!

조기졸업은 3학년 1학기 개시 전 정해진 기간에 신청을 하여야 하며, 신청당시 학업성적의 학적부 학점 평점평균이 4.00(A-) 이상이어야 합니다. 또한 조기졸업 신청자에 한하여 6~7학기 이내에 모든 졸업요건을 충족하고 학적부 학점 평점평균이 4.00(A-) 이상이면 조기졸업 됩니다.",,
39,FAQ,학사포탈(u-SAINT),,,,성적계산 방법,"성적 평점계산 방법!

한 학기 학점의 평점평균은 당해학기 성적평점의 누계(과목당 평점평균*학점수의 합)를 수강신청 학점수로 나누어 계산하며, 전체 평점평균은 총 성적평점 누계를 총 취득학점수로 나누어 계산합니다.

※ 매학기 15학점(4학년은 12학점) 미만을 취득한 학생은 성적을 기준으로 선발하는 각종 장학금 및 표창대상에서 제외합니다.",,
40,FAQ,학사,자퇴,,,유고결석,"유고결석 신청방법

    1. 온라인신청
        1) U-saint 접속→수강신청/수업→결석신청
        2)신규작성, 결석구분선택 및 사유 작성
        3)시작/종료일자 입력 및 결석과목 선택→저장
        ※결석종료일로부터 10일 이내 신청 및 증빙서류 제출
    2. 증빙서류 제출
        1) 결석 관련 증빙서류 제출
        2) 제출처 : 학생팀(학생회관 406호)
 
□ 해당사유 및 증빙서류
    1. 병사관계로 인한 결석 - 신체검사 및 예비군 등(병무청 발행 관련서류 증빙)
    2. 4촌 이내의 혈족 사망으로 인한 결석: 2촌 이내-5일, 3,4촌-2일
        (본인과의 4촌임을 증명할 수 있는 서류와 ‘사망진단서’증빙)
    3. 학교 대표로 참석한 각종 교육, 연수, 훈련으로 인한 결석 - 동기간
        (학교에서 인정하는 관계서류 증빙)
    4. 질병 또는 사고로 인한 결석 - 1주 이상 4주 미만의 입원일 수
        (병, 의원발행 ‘입원확인서’ 1부 증빙)
 
□ 문의: 학생처 학생팀(☎ 820-0164)",,
41,FAQ,학사포탈(u-SAINT),,,,보건결석,"보건결석 신청방법

u-SAINT 포털 ▶ 학사관리 ▶ 수강신청/수업 ▶ 결석신청 에서 보건결석 신청할 수 있습니다.
* 보건결석 해당사항
1. 보건결석은 여학생이 보건공결(생리) 이유로 결석하는 경우에만 신청 하실 수 있습니다.
2. 결석사유에는 보건공결로 기재하시고 기타질병(단순 복통, 감기몸살, 병원치료 등)에 대해서는 신청하실 수 없습니다.
3. 영어사유는 입력하지 않아도 됩니다.",,
42,FAQ,학사,자퇴,,,증명서 발급,"증명서는 학교의 자동발급기, 인터넷증명 발급, FAX민원 신청을 통해 발급받을 수 있습니다. 인터넷증명은 학교 홈페이지에서 신청하실 수 있으며, FAX민원은 전국 관공서에서 신청하실 수 있습니다. 교내 자동발급기는 진리관 1층 로비에 설치되어 있습니다.
↓증명서 발급 바로 가기↓",https://ssu.ac.kr/%ed%95%99%ec%82%ac/%ec%a6%9d%eb%aa%85%ec%84%9c-%eb%b0%9c%ea%b8%89/,
43,FAQ,증명발급,,,,증명서 종류,"[증명서 종류]
-재학증명서 : 현재 재학 중인 학생에게 발급되는 증명서(등록금 납부 이후 발급 가능)
-휴학증명서 : 현재 휴학 중인 학생에게 발급되는 증명서
-재적증명서 : 입학 후 졸업 또는 제적 전까지 학적보유기간을 알려주는 증명서
-성적증명서 : 지금까지 취득한 성적에 대한 증명서
-수료증명서 : 지금까지 수료한 최종 학년에 대한 증명서
-학적부사본 : 학생기록부의 역할을 하는 학적부에 기재된 내용에 대한 증명서
-졸업증명서 : 졸업생에게 발급되는 증명서
-졸업예정증명서 : 최종학기 졸업예정자에게 발급되는 증명서 ( 매학기 수강신청 취소기간 이후 발급 가능)
-복학예정증명서 : 휴학 중인 학생의 휴학기간 및 복학예정학기를 알려주는 증명서
-법학과목취득증명서 : 사법시험에 응시하고자 하는 학생이 발급 받는 증명서

*위 증명서 중 영문 발급이 가능한 증명서는 재학, 휴학, 재적, 성적, 수료, 졸업, 졸업예정증명서 등 총 7종입니다.
↓증명서 발급 바로 가기↓",https://ssu.ac.kr/%ed%95%99%ec%82%ac/%ec%a6%9d%eb%aa%85%ec%84%9c-%eb%b0%9c%ea%b8%90/,
44,FAQ,증명발급,,,,졸업예정증명서,"졸업예정증명서는 최종학기(4학년 2학기) 개강 후 3주 뒤부터 발급 가능합니다. 4학년 1학기 이전까지는 졸업예정증명서가 발급되지 않습니다.
만약 취업 등을 위해 요구하는 회사 또는 기관이 있을 경우 우리 대학의 발급 기준을 설명하고, 필요 시 우리 대학에서 발급 가능한 증명서 중 대체 제출할 수 있는 종류로 발급 받아 제출하기 바랍니다.
↓증명서 발급 바로 가기↓",https://ssu.ac.kr/%ed%95%99%ec%82%ac/%ec%a6%9d%eb%aa%85%ec%84%9c-%eb%b0%9c%ea%b8%91/,
45,FAQ,증명발급,,,,2학년 수료증명서 발급,"[2학년 수료증명서]
-4학기 이상 이수하고 66학점 이상 이수해야 발급 가능.
-2학년 2학기 정규학기 마치고 66학점에 미달하는 경우
→계절학기 이수 후 기준에 맞는다면 계절학기 성적이 나온 다음 발급 가능.",,
46,FAQ,공학인증,,,,공학교육인증제,"[공학교육인증제] 
국제적 수준의 프로그램을 운영하고 있음을 인정해 주는 「국제적인 인증기준」입니다. 또한 한국공학교육인증원에서 제시하는 인증기준에 따라 본교의 공과대학과 IT대학에 개설된 해당 프로그램(전공) 이수한 졸업생은 공학실무에 효과적으로 종사할 수 있는 준비가 되어있음을 보장해주는 제도입니다.",,
47,FAQ,공학인증,,,,공학교육인증제 혜택,"[공학교육인증제 혜택]
각종 대기업에서 인증 프로그램 이수자에게 가산점을 부여하고  있습니다. 공학교육인증 학생안내서 혹은 공학교육혁신센터 홈페이지 메뉴를 참고하세요!
↓공학교육혁신센터 홈페이지 바로가기↓",http://abeek.ssu.ac.kr/web/abeek/home,
48,FAQ,공학인증,,,,공학교육인증을 이수한 학생 구별,"[공학교육인증 이수 학생 구별]
공학교육인증을 이수한 학생은 해당 전공에 따라 증명서에 'OO공학(공학사)' 혹은 'OO공학심화(공학사)' 로 구별됩니다.
(OO는 해당 전공명)",,
49,FAQ,공학인증,,,,공학교육인증을 운영하는 학과(부),"[공학교육인증 운영 학과(부)]
-화학공학과, 유기신소재파이버공학과, 전기공학부, 기계공학과, 산업정보시스템공학과, 건축학부 건축공학전공, 컴퓨터학부, 정보통신전자공학부",,
50,FAQ,공학인증,,,,공학교육인증 포기,"[공학교육인증 포기]
-7학기 개강 시점에 1번의 기회 있음.
-유세인트 > 공학인증 메뉴 > 포기 신청 메뉴에서 포기신청서 출력 후 지도교수님 혹은 PD교수님과 상담 후 서명 받아 제출.
-제출시기와 제출방법에 대한 사항은 매학기 공지사항 참고.
↓유세인트 바로가기↓",https://saint.ssu.ac.kr/irj/portal,
51,FAQ,공학인증,,,,공학교육인증 교과영역별 이수 기준,"[공학교육인증 이수 기준]
*공학교육인증(EAC)
-공학 주제 : 54학점 이상(설계 12학점 이상 포함)
-MSC(수학,과학,전산학) : 30학점 이상
-전문교양 : 18학점 이상

*컴퓨터정보기술인증(CAC) : 컴퓨터학부만 해당.
-공학 주제 : 60학점 이상(설계 12학점 이상 포함)
-BSM(기초 수학,과학) : 18학점 이상
-전문교양 : 15학점 이상 + 기초중국어 3학점

**최소기준 학점 이상을 이수하였더라도 학과별로 지정된 인증 필수 교과목은 모두 이수하여야 합니다.",,
52,FAQ,공학인증,,,,공학교육인증 교과목 이수현황 확인,"[공학교육인증 교과목 이수 현황]
-u-SAINT portal 공학인증 이수현황표 및 졸업사정표를 통해 확인 가능합니다.
↓유세인트 바로가기↓",https://saint.ssu.ac.kr/irj/portal,
53,FAQ,공학인증,,,,공학교육인증 성적 규정,"[공학교육인증 성적 규정]
F학점이 아니라면 성적에 관계없이 이수한 인증 교과목 모두 인증됩니다.",,
54,FAQ,"취업,취업 교과목, 진로지도",,,,경력개발센터 홈페이지,"[경력개발센터]
-실시간 기업체 채용 정보 및 취업과 관련된 여러 가지 양식 및 스킬 향상을 위한 취업자료실, 경력개발센터에서 진행하는 각종 프로그램에 대한 공지 및 접수 외 다양한 취업 정보 확인 가능합니다.
↓경력개발센터 홈페이지 바로가기↓",http://job.ssu.ac.kr,
55,FAQ,"취업,취업 교과목, 진로지도",,,,"이력서, 자기소개서 및 면접 클리닉","[이력서, 자기소개서 및 면접클리닉 신청]
*학생회관 501호 경력개발센터 사무실 방문 후 직접 접수
-그룹 운영 상하반기 채용 시즌 대비 클리닉 : 개강 직후 접수 후 선착순 마감. (학교 홈페이지 참고)
-상시 클리닉 : 경력개발센터 방문 또는 전화하여 컨설턴트와 일정 협의 후 예약.
↓경력개발센터 홈페이지 바로가기↓",http://job.ssu.ac.kr,
56,FAQ,"취업,취업 교과목, 진로지도",,,,현장실습 참여,"[현장실습(인턴십)]
-국내외 기업체 등에서 현장실습(인턴십)에 참여하고 관련 교과목을 수강하여 학점을 취득하는 제도입니다.
-자세한 사항 및 신청은 아래 홈페이지를 참고해주세요!
↓현장실습 홈페이지 바로가기↓",https://wess.ssu.ac.kr/,
57,FAQ,"취업,취업 교과목, 진로지도",,,,진로지도 교수제,"[진로지도 교수제]
-입학시부터 학과(부)교수 1인이 지도교수로 배정되어 지도교수와의 개별상담을 통해 대학생활 및 진로설정, 직업선택, 인생설계 등 개인의 학업성취는 물론 향후 진로와 취업에 대하여 올바른 방향과 가치관을 세울 수 있도록 도움을 받을 수 있는 상담시스템
-u-SAINT 접속 후 상담관리 > 진로지도교수 조회에서 지도교수 확인 가능합니다.
↓유세인트 바로가기↓",https://saint.ssu.ac.kr/irj/portal,
58,FAQ,"취업,취업 교과목, 진로지도",,,,진로지도 상담 절차,"[진로지도 상담 절차]
-u-SAINT 접속 후 상담관리 > 진로지도교수 조회에서 지도교수 확인후 '상담신청'
-지정된 상담 일자에 상담이 어려우면 지도교수와 직접 연락하시길 바랍니다.
↓유세인트 바로가기↓",https://saint.ssu.ac.kr/irj/portal,
59,FAQ,"교환학생,유학,연수",,,,"교환학생, 유학, 연수 이수 가능한 학점","교환학생, 유학, 연수 이수 가능한 학점은 ""1학기 최대 19학점"" 입니다.

추가 문의 사항은 국제교류팀 홈페이지를 참조해주세요!
↓국제교류팀 홈페이지 바로가기↓",https://study.ssu.ac.kr/main/main.do,
60,FAQ,"교환학생,유학,연수",,,,교환학생 프로그램 지원 준비,"[교환학생 선발 준비]
-공인 외국어 성적
-선발 전 실시하는 오리엔테이션 참석(통상 3월/9월 초 실시) 으로 질의 응답 가능.

추가 문의 사항은 국제교류팀 홈페이지를 참조해주세요!
↓국제교류팀 홈페이지 바로가기↓",https://study.ssu.ac.kr/main/main.do,
61,FAQ,"교환학생,유학,연수",,,,교환학생 선발과 파견 시기,"교환학생 선발은 보통 2월/8월에 이루어지며, 교환학생은 파견학기보다 1학기 앞서 선발됩니다. 예를 들어 2020-2학기 파견될 학생들은 2020년 2월에 선발을 마치게 됩니다. (일부 학교에 경우 2학기 앞서 선발함)

추가 문의 사항은 국제교류팀 홈페이지를 참조해주세요!
↓국제교류팀 홈페이지 바로가기↓",https://study.ssu.ac.kr/main/main.do,
62,FAQ,"교환학생,유학,연수",,,,교환학생 휴학한 상태에서 지원 가능한가요?,"교환학생,유학,연수는 휴학한 상태에서도 지원 가능합니다.

추가 문의 사항은 국제교류팀 홈페이지를 참조해주세요!
↓국제교류팀 홈페이지 바로가기↓",,
63,FAQ,"교환학생,유학,연수",,,,귀국 후 학점 인정 신청 절차,"[교환학생 학점 인정 신청 절차]
-교환학생 학점 전환 신청서 작성 후 성적표와 함께 
전공일 경우 해당 과목 학과(부)장님께 먼저 확인, 이후 국제교류팀 확인 후 학적팀에 제출.
단, 채플 이수가 필요하다면 학적팀에 제출하기 전 교목실에서 확인 필요.

추가 문의 사항은 국제교류팀 홈페이지를 참조해주세요!
↓국제교류팀 홈페이지 바로가기↓",,
64,FAQ,ID카드(학생증),,,,"학생증(ID카드, 스마트카드) 발급","[학생증(ID카드, 스마트카드) 발급]
-학생처 고객서비스팀에서 즉시 재발급 가능 (학생회관 502호 방문)
-재발급 비용 : 1만원(학부생 5천원), 훼손카드 가져왔을 시 무료 

*문의 : 학생처 고객서비스팀(학생회관 502호) ☎02-820-0068",,
65,FAQ,ID카드(학생증),,,,도서관 출입증만 발급받을 수 있나요?,"도서관 출입증은 졸업생만 발급 받을 수 있습니다.
재학생(휴학생)은 도서관 출입만을 원하더라도 학생증(ID카드)을 발급 받아야 합니다.

*문의 : 학생처 고객서비스팀(학생회관 502호) ☎02-820-0068",,
66,FAQ,대학원,,,,대학원,"숭실이는 아직 대학원에 진학하지 못했어요 ㅠㅠ
대학원에 대한 문의는 홈페이지를 참고해주세요!",https://grad.ssu.ac.kr/,
67,FAQ,시설,,,,교내 시설물 이용 안내,"[교내 시설물(강의실/공연장/운동장) 이용 안내]
-학생 및 교직원은 U-saint ? 시설관리 ? 장소사용신청을 통해 사용 3일 전까지 온라인으로 강의실을 예약할 수 있습니다.
-야외운동장(잔디구장)은 온라인 예약추첨제 운영되며, 당첨된 사용자만 사용가능합니다. (U-saint ? 시설관리 ? 운동장예약 ? 대관신청)
-공연장(블루큐브/한경직기념관) 대관 시 : 공연장 사용 신청서 다운로드 작성 혹은 학생팀(학생회관 406호)에 비치된 장소사용신청서를 작성 후 관리팀(베어드홀 206호)에 제출해주세요.

↓공연장사용신청서 다운로드↓",https://ssu.ac.kr/wp-content/uploads/2019/08/%EA%B3%B5%EC%97%B0%EC%9E%A5%EC%82%AC%EC%9A%A9%EC%8B%A0%EC%B2%AD%EC%84%9C_2016.hwp,
68,FAQ,시설,,,,강의실 이용,"[교내 시설물(강의실/공연장/운동장) 이용 안내]
-학생 및 교직원은 U-saint ? 시설관리 ? 장소사용신청을 통해 사용 3일 전까지 온라인으로 강의실을 예약할 수 있습니다.
-야외운동장(잔디구장)은 온라인 예약추첨제 운영되며, 당첨된 사용자만 사용가능합니다. (U-saint ? 시설관리 ? 운동장예약 ? 대관신청)
-공연장(블루큐브/한경직기념관) 대관 시 : 공연장 사용 신청서 다운로드 작성 혹은 학생팀(학생회관 407호)에 비치된 장소사용신청서를                                              ",https://ssu.ac.kr/wp-content/uploads/2019/08/%EA%B3%B5%EC%97%B0%EC%9E%A5%EC%82%AC%EC%9A%A9%EC%8B%A0%EC%B2%AD%EC%84%9C_2017.hwp,
69,FAQ,시설,,,,공연장 이용,"[교내 시설물(강의실/공연장/운동장) 이용 안내]
-학생 및 교직원은 U-saint ? 시설관리 ? 장소사용신청을 통해 사용 3일 전까지 온라인으로 강의실을 예약할 수 있습니다.
-야외운동장(잔디구장)은 온라인 예약추첨제 운영되며, 당첨된 사용자만 사용가능합니다. (U-saint ? 시설관리 ? 운동장예약 ? 대관신청)
-공연장(블루큐브/한경직기념관) 대관 시 : 공연장 사용 신청서 다운로드 작성 혹은 학생팀(학생회관 408호)에 비치된 장소사용신청서를? 헰?? ??? ??? 雰?? ??? ??? ??? 샰?? ??? 쎐?? ??? ",https://ssu.ac.kr/wp-content/uploads/2019/08/%EA%B3%B5%EC%97%B0%EC%9E%A5%EC%82%AC%EC%9A%A9%EC%8B%A0%EC%B2%AD%EC%84%9C_2018.hwp,
70,FAQ,시설,,,,운동장 이용,"[교내 시설물(강의실/공연장/운동장) 이용 안내]
-학생 및 교직원은 U-saint ? 시설관리 ? 장소사용신청을 통해 사용 3일 전까지 온라인으로 강의실을 예약할 수 있습니다.
-야외운동장(잔디구장)은 온라인 예약추첨제 운영되며, 당첨된 사용자만 사용가능합니다. (U-saint ? 시설관리 ? 운동장예약 ? 대관신청)
-공연장(블루큐브/한경직기념관) 대관 시 : 공연장 사용 신청서 다운로드 작성 혹은 학생팀(학생회관 409호)에 비치된 장소사용신청서를                                              ",https://ssu.ac.kr/wp-content/uploads/2019/08/%EA%B3%B5%EC%97%B0%EC%9E%A5%EC%82%AC%EC%9A%A9%EC%8B%A0%EC%B2%AD%EC%84%9C_2019.hwp,
71,FAQ,시설,,,,마이크 대여,"모든 강의실과 세미나실에는 유선마이크가 1개씩 이미 셋팅 되어 있으나 추가 사용을 원하는 경우 본부 관리팀으로 오시면 소정의 신원 확인 절차를 거쳐 대여 가능합니다.

*문의처 : 본부 관리팀(베어드홀 206호) ☎820-0188",,
72,FAQ,계절학기,,,,계절학기에 개설되는 과목,"[계절학기 개설 과목]
-계절제에 개설되는 과목은 사전 계절제 수요조사를 통해 정해집니다.
-해당 과목을 신청한 인원이 15명 이상이면 개설됩니다. 
-원화는 과목이 있다면 계절제 수요조사 때 꼭 신청하시길 바랍니다.

↓2020 겨울 계절제 일정 안내↓",https://scatch.ssu.ac.kr/%ea%b3%b5%ec%a7%80%ec%82%ac%ed%95%ad/?f=all&category&slug=2020%ED%95%99%EB%85%84%EB%8F%84-%EA%B2%A8%EC%9A%B8%EA%B3%84%EC%A0%88%EC%A0%9C-%EC%88%98%EA%B0%95%EC%8B%A0%EC%B2%AD-%EC%9D%BC%EC%A0%95-%EC%95%88%EB%82%B4&keyword=%EA%B3%83%E? ??? ??? ???   ,
73,FAQ,계절학기,,,,계절학기 수강 신청,"[계절학기 수강 관련]
-원하는 과목을 수강신청하면 신청한 학생에 한해 학생전용가상계좌가 생성됩니다. 해당 금액을 금전등록 하면 계절제 수강이 가능합니다.
-금전등록기간 후에는 등록이 불가하고 수강신청이 자동취소됩니다.

↓2020 겨울 계절제 일정 안내↓",https://scatch.ssu.ac.kr/%ea%b3%b5%ec%a7%80%ec%82%ac%ed%95%ad/?f=all&category&slug=2020%ED%95%99%EB%85%84%EB%8F%84-%EA%B2%A8%EC%9A%B8%EA%B3%84%EC%A0%88%EC%A0%9C-%EC%88%98%EA%B0%95%EC%8B%A0%EC%B2%AD-%EC%9D%BC%EC%A0%95-%EC%95%88%EB%82%B4&keyword=%EA%B3%84%EC%A0%88%EC%A0%9C,
74,FAQ,무선인터넷,,,,무선인터넷 SSUWIFI 숭파이 사용법,"[SSUWIFI 숭파이 사용법]
-와이파이 검색 후 'SSUWIFI' 혹은 강의실 번호 5자리 형태로 되어 있는 무선랜 (ex. 19505, 19505G…) 연결 후 인터넷 익스플로러 실행 → 네트워크 인증 화면에서 인증 후 사용
-네트워크 인증 아이디/비밀번호 : 학번/주민등록번호 뒤 7자리

*문의 : 네트워크유지보수실 ☎02-820-0979",,
75,FAQ,무선인터넷,,,,무선인터넷 SSUWIFI 숭파이 사용대상,"[SSUWIFI 숭파이 사용 대상]
-숭실인(재학생, 졸업생, 교수, 직원, 조교 및 학교 구성원)은 언제든지 사용 가능합니다.
-그 외 학교에서 이루어지는 행사 진행시는 사전 진행이 필요하며 시설되어 있는 장비의 허용 한도 내에서 사용 가능합니다.

*문의 : 네트워크유지보수실 ☎02-820-0979",,
76,FAQ,캠퍼스 보험,,,,캠퍼스 보험 신청 안내,"[캠퍼스 보험]
-학교에서 수업, 실험, 실습 등 학교 교내에서 발생한 학생의 신체장애와 학교에서 인정하는 대외활동 중 발생한 사고에 대한 치료비를 보상하여 드리는 제도입니다.
-보상 대상자는 본교 재학생(학부, 일반/특수대학원, 평생교육원)으로 휴학생이나 재학생이 아닌 경우는 보상 받을 수 없습니다. 

*문의 : 학생처 학생팀 ☎02-820-0162",,
77,FAQ,웹메일,,,,학교 메일 계정 신청,"[학교 메일 계정 신청]
-학생/교직원 : u-SANIT 접속 후 메일 계정 생성 버튼 이용

↓유세인트 바로가기↓",https://saint.ssu.ac.kr/irj/portal,
